id,name,symbol,slug,infinite_supply,circulating_supply,total_supply,max_supply,date_added,num_market_pairs,cmc_rank,last_updated,tvl_ratio,platform,self_reported_circulating_supply,self_reported_market_cap,minted_market_cap,tags,quote.USD.price,quote.USD.volume_24h,quote.USD.cex_volume_24h,quote.USD.dex_volume_24h,quote.USD.volume_change_24h,quote.USD.percent_change_1h,quote.USD.percent_change_24h,quote.USD.percent_change_7d,quote.USD.percent_change_30d,quote.USD.percent_change_60d,quote.USD.percent_change_90d,quote.USD.market_cap,quote.USD.market_cap_dominance,quote.USD.fully_diluted_market_cap,quote.USD.tvl,quote.USD.last_updated,platform.id,platform.slug,platform.name,platform.symbol,platform.token_address,timestamp
1,Bitcoin,BTC,bitcoin,False,20094753.0,20094753.0,21000000.0,2010-07-13T00:00:00.000Z,12755,1,2026-10-07T11:07:00.000Z,,,,,1682356303184.34,"['mineable', 'pow', 'sha-256', 'store-of-value', 'state-channel', 'coinbase-ventures-portfolio', 'three-arrows-capital-portfolio', 'polychain-capital-portfolio', 'binance-labs-portfolio', 'blockchain-capital-portfolio', 'boostvc-portfolio', 'cms-holdings-portfolio', 'dcg-portfolio', 'dragonfly-capital-portfolio', 'electric-capital-portfolio', 'fabric-ventures-portfolio', 'framework-ventures-portfolio', 'galaxy-digital-portfolio', 'huobi-capital-portfolio', 'alameda-research-portfolio', 'a16z-portfolio', '1confirmation-portfolio', 'winklevoss-capital-portfolio', 'usv-portfolio', 'placeholder-ventures-portfolio', 'pantera-capital-portfolio', 'multicoin-capital-portfolio', 'paradigm-portfolio', 'bitcoin-ecosystem', 'layer-1', 'ftx-bankruptcy-estate', '2017-2018-alt-season', 'us-strategic-crypto-reserve', 'binance-ecosystem', 'binance-listing', 'sec-cftc-token-taxonomy', 'sec-cftc-digital-commodities']",83721.17354138888,35693599049.78114,35665066455.29593,28532594.48520984,37.5715,-0.0510122,-2.81915835,0.06717635,5.57235897,28.87332513,33.43554653,1682356303184.3447,59.1297,1758144644369.17,,2026-10-07T11:07:00.000Z,,,,,,2026-10-07 14:07:46.960651
1027,Ethereum,ETH,ethereum,True,122113300.64452891,122113300.64452891,,2015-08-07T00:00:00.000Z,13934,2,2026-10-07T11:06:00.000Z,,,,,314960457720.29,"['pos', 'smart-contracts', 'ethereum-ecosystem', 'coinbase-ventures-portfolio', 'three-arrows-capital-portfolio', 'polychain-capital-portfolio', 'binance-labs-portfolio', 'blockchain-capital-portfolio', 'boostvc-portfolio', 'cms-holdings-portfolio', 'dcg-portfolio', 'dragonfly-capital-portfolio', 'electric-capital-portfolio', 'fabric-ventures-portfolio', 'framework-ventures-portfolio', 'hashkey-capital-portfolio', 'kenetic-capital-portfolio', 'huobi-capital-portfolio', 'alameda-research-portfolio', 'a16z-portfolio', '1confirmation-portfolio', 'winklevoss-capital-portfolio', 'usv-portfolio', 'placeholder-ventures-portfolio', 'pantera-capital-portfolio', 'multicoin-capital-portfolio', 'paradigm-portfolio', 'ethereum-pow-ecosystem', 'layer-1', 'ftx-bankruptcy-estate', 'sora-ecosystem', 'rsk-rbtc-ecosystem', 'world-liberty-financial-portfolio', 'us-strategic-crypto-reserve', 'binance-ecosystem', 'binance-listing', 'abstract-chain-ecosystem', 'unichain-ecosystem', 'soneium-ecosystem', 'sophon-ecosystem', 'sec-cftc-token-taxonomy', 'sec-cftc-digital-commodities', 'anubis-ecosystem', 'robinhood-ecosystem']",2579.2477646406046,17579106170.41151,17374549474.614933,204556695.79657188,63.5122,-0.60803792,-4.9157978,-4.02669007,3.66688578,34.31949143,47.78683157,314960457720.2873,11.0726,314960457720.29,,2026-10-07T11:06:00.000Z,,,,,,2026-10-07 14:07:46.960651
825,Tether USDt,USDT,tether,True,184088295340.26407,189319541005.47983,,2015-02-25T00:00:00.000Z,203128,3,2026-10-07T11:06:00.000Z,,,,,189242817101.55,"['stablecoin', 'asset-backed-stablecoin', 'usd-stablecoin', 'ethereum-pow-ecosystem', 'fiat-stablecoin', 'tron20-ecosystem', 'rsk-rbtc-ecosystem', 'venom-ecosystem', 'world-liberty-financial-portfolio', 'binance-ecosystem', 'binance-listing', 'peaq-ecosystem', 'etherlink-ecosystem', 'duckchain-ecosystem', 'onus-ecosystem', 'sophon-ecosystem', 'xlayer-ecosystem']",0.9995947385910336,81592441216.36249,80237758969.1837,1354682247.1788688,29.8032,-0.02040534,-0.00999316,0.00110889,-0.02953734,0.02562992,0.05682255,184013691458.32025,6.4684,189242817101.55,,2026-10-07T11:06:00.000Z,1027.0,ethereum,Ethereum,ETH,0xdac17f958d2ee523a2206206994597c13d831ec7,2026-10-07 14:07:46.960651
1839,BNB,BNB,bnb,False,133158909.82,133158909.82,133158909.82,2017-07-25T00:00:00.000Z,3501,4,2026-10-07T11:07:00.000Z,,,,,102154288890.82,"['marketplace', 'centralized-exchange', 'payments', 'smart-contracts', 'alameda-research-portfolio', 'multicoin-capital-portfolio', 'bnb-chain-ecosystem', 'layer-1', 'alleged-sec-securities', 'celsius-bankruptcy-estate', 'binance-ecosystem', 'binance-listing', 'etherlink-ecosystem', 'made-in-china']",767.160748228637,1503205642.9440079,1479738906.2589834,23466736.68502456,16.8675,-0.26316829,-2.08348733,-0.17450321,3.18693566,28.96297544,34.67719569,102154288890.8208,3.5924,102154288890.82,,2026-10-07T11:07:00.000Z,,,,,,2026-10-07 14:07:46.960651
52,XRP,XRP,xrp,False,63092975951.0,99985612577.0,100000000000.0,2013-08-04T00:00:00.000Z,1886,5,2026-10-07T11:07:00.000Z,,,,,145073510528.17,"['medium-of-exchange', 'enterprise-solutions', 'xrp-ecosystem', 'solana-ecosystem', 'arrington-xrp-capital-portfolio', 'galaxy-digital-portfolio', 'a16z-portfolio', 'pantera-capital-portfolio', 'ftx-bankruptcy-estate', '2017-2018-alt-season', 'klaytn-ecosystem', 'made-in-america', 'us-strategic-crypto-reserve', 'binance-ecosystem', 'binance-listing', 'iso-20022', 'sec-cftc-token-taxonomy', 'sec-cftc-digital-commodities']",1.4509438587121313,2936198377.3473153,2934676861.7349176,1521515.61239683,57.9869,-0.19302887,-3.77600328,-3.8238979,3.68310058,39.73102684,32.9677164,91544365983.97565,3.2193,145094385871.21,,2026-10-07T11:07:00.000Z,,,,,,2026-10-07 14:07:46.960651
3408,USDC,USDC,usd-coin,False,74108272030.55826,74108272030.55826,,2018-10-08T00:00:00.000Z,46112,6,2026-10-07T11:06:00.000Z,,,60901219650.23,60889626462.472984,74094164741.46,"['medium-of-exchange', 'stablecoin', 'asset-backed-stablecoin', 'stellar-ecosystem', 'coinbase-ventures-portfolio', 'usd-stablecoin', 'xdc-ecosystem', 'ethereum-pow-ecosystem', 'fiat-stablecoin', 'tron20-ecosystem', 'venom-ecosystem', 'made-in-america', 'world-liberty-financial-portfolio', 'sonic-ecosystem', 'binance-ecosystem', 'binance-listing', 'hyperevm-ecosystem', 'etherlink-ecosystem', 'unichain-ecosystem', 'vector-smart-chain-ecosystem', 'sophon-ecosystem', 'monad-ecosystem', 'xlayer-ecosystem', 'arc-ecosystem']",0.9998096394813832,17495721215.896637,15512992872.918169,1982728342.9784374,17.6059,-0.00463087,-0.00366181,-0.01885622,-0.01389348,-0.01179238,0.00234942,74094164741.46072,2.6048,74094164741.46,,2026-10-07T11:06:00.000Z,24091.0,zksync,zkSync Era,ZK,0x1d17CBcF0D6D143135aE902365D2E5e2A16538D4,2026-10-07 14:07:46.960651
5426,Solana,SOL,solana,True,589094548.377361,635382447.2593929,,2020-04-10T00:00:00.000Z,1181,7,2026-10-07T11:07:00.000Z,,,525236893.3,61780952250.11997,74736815207.45,"['pos', 'platform', 'solana-ecosystem', 'cms-holdings-portfolio', 'kenetic-capital-portfolio', 'alameda-research-portfolio', 'multicoin-capital-portfolio', 'okx-ventures-portfolio', 'layer-1', 'ftx-bankruptcy-estate', 'alleged-sec-securities', 'cmc-crypto-awards-2024', 'made-in-america', 'us-strategic-crypto-reserve', 'binance-ecosystem', 'binance-listing', 'sec-cftc-token-taxonomy', 'sec-cftc-digital-commodities', 'coinlist-launchpad']",117.62492893817436,2780528852.5360346,2768927815.992116,11601036.54391841,23.797,-0.00705417,-2.2116197,-1.51185333,12.0184205,56.72064096,51.54496995,69292204390.753,2.4368,74736815207.45,,2026-10-07T11:07:00.000Z,,,,,,2026-10-07 14:07:46.960651
1958,TRON,TRX,tron,True,94985926926.2425,94985926339.8328,,2017-09-13T00:00:00.000Z,1382,8,2026-10-07T11:07:00.000Z,,,94667886298.43,31553758443.14055,31659764387.02,"['media', 'payments', 'tron-ecosystem', 'layer-1', 'dwf-labs-portfolio', 'alleged-sec-securities', '2017-2018-alt-season', 'tron20-ecosystem', 'world-liberty-financial-portfolio', 'binance-ecosystem', 'binance-listing', 'made-in-china']",0.33331005557334226,457270327.106534,457080573.43149364,189753.67504027,21.026,0.13440825,-0.63736604,-1.61732956,-1.01067191,1.32797955,0.63875386,31659764582.47131,1.1134,31659764387.02,,2026-10-07T11:07:00.000Z,,,,,,2026-10-07 14:07:46.960651
32196,Hyperliquid,HYPE,hyperliquid,False,250578063.28266397,951005739.562039,951005739.562039,2024-07-15T10:14:50.000Z,335,9,2026-10-07T11:07:00.000Z,,,333931719.0,29849121137.88946,85007454841.44,"['decentralized-exchange-dex-token', 'defi', 'derivatives', 'layer-1', 'hyperliquid-ecosystem', 'binance-ecosystem', 'binance-listing', 'perpetuals']",89.38689989461427,1009686823.554333,953769396.5863664,55917426.9679665,-6.6429,-0.18026374,-4.25451555,2.97397666,1.75455096,63.17094391,32.61934745,22398396258.433804,0.7872,85007454841.44,,2026-10-07T11:07:00.000Z,32196.0,hyperliquid,Hyperliquid,HYPE,0x0d01dc56dcaaca66ad901c959b4011ec,2026-10-07 14:07:46.960651
1437,Zcash,ZEC,zcash,False,16904998.1655448,16904998.1655448,21000000.0,2016-10-29T00:00:00.000Z,657,10,2026-10-07T11:07:00.000Z,,,,,21993838545.24,"['mineable', 'pow', 'equihash', 'medium-of-exchange', 'privacy', 'zero-knowledge-proofs', 'quantum-resistant', 'binance-chain', 'boostvc-portfolio', 'dcg-portfolio', 'electric-capital-portfolio', 'fenbushi-capital-portfolio', 'hashkey-capital-portfolio', 'winklevoss-capital-portfolio', 'placeholder-ventures-portfolio', 'pantera-capital-portfolio', 'layer-1', 'standard-crypto-portfolio', '2017-2018-alt-season', 'made-in-america', 'binance-ecosystem', 'binance-listing', 'privacy-coins']",1301.0257871584115,756439669.4913015,735028894.448544,21410775.04275751,-22.3085,-1.28087513,-4.65396134,-8.63968202,8.07722679,157.59936864,179.34234406,21993838545.239426,0.7731,27321541530.33,,2026-10-07T11:07:00.000Z,,,,,,2026-10-07 14:07:46.960651
74,Dogecoin,DOGE,dogecoin,True,171936233126.5791,171936233126.5791,,2013-12-15T00:00:00.000Z,1528,11,2026-10-07T11:07:00.000Z,,,,,15367453149.82,"['mineable', 'pow', 'scrypt', 'medium-of-exchange', 'memes', 'payments', 'solana-ecosystem', 'doggone-doggerel', 'doge-chain-ecosystem', 'osmosis-ecosystem', 'ftx-bankruptcy-estate', 'animal-memes', 'made-in-america', 'binance-ecosystem', 'binance-listing', 'sec-cftc-token-taxonomy', 'sec-cftc-digital-commodities']",0.08937879393057328,1459892008.5909526,1454948191.1808197,4943817.4101326,129.3017,-0.10161497,-6.37458421,-6.00846698,-0.17452563,26.97846646,23.63068123,15367453149.81952,0.5401,15367453149.82,,2026-10-07T11:07:00.000Z,,,,,,2026-10-07 14:07:46.960651
328,Monero,XMR,monero,True,18814450.81548909,18814450.81548909,,2014-05-21T00:00:00.000Z,378,12,2026-10-07T11:07:00.000Z,,,,,10438707539.96,"['mineable', 'pow', 'medium-of-exchange', 'privacy', 'ringct', 'boostvc-portfolio', 'electric-capital-portfolio', 'galaxy-digital-portfolio', 'layer-1', '2017-2018-alt-season', 'binance-ecosystem', 'binance-listing', 'privacy-coins']",554.8239298786885,127689950.9589719,127689950.9589719,0.0,-0.4648,-0.35973709,0.09459571,2.63125789,4.51680563,47.77384199,73.51714638,10438707539.958952,0.3669,10438707539.96,,2026-10-07T11:07:00.000Z,,,,,,2026-10-07 14:07:46.960651
1975,Chainlink,LINK,chainlink,False,748099970.424884,1000000000.0,1000000000.0,2017-09-20T00:00:00.000Z,2302,13,2026-10-07T11:07:00.000Z,,,,,13478810181.41,"['platform', 'cosmos-ecosystem', 'defi', 'privacy', 'interoperability', 'iot', 'oracles', 'smart-contracts', 'ethereum-ecosystem', 'tron-ecosystem', 'polkadot', 'polkadot-ecosystem', 'heco-ecosystem', 'avalanche-ecosystem', 'solana-ecosystem', 'framework-ventures-portfolio', 'hedera-hashgraph-ecosystem', 'polygon-ecosystem', 'fantom-ecosystem', 'cardano-ecosystem', 'terra-ecosystem', 'web3', 'near-protocol-ecosystem', 'arbitrum-ecosystem', 'celo-ecosystem', 'defi-2', 'cross-chain', 'moonriver-ecosystem', 'cronos-ecosystem', 'cardano', 'injective-ecosystem', 'bnb-chain-ecosystem', 'oasis-ecosystem', 'moonbeam-ecosystem', 'xdc-ecosystem', 'metisdao-ecosystem', 'velas-ecosystem', 'doge-chain-ecosystem', 'aptos-ecosystem', 'sui-ecosystem', 'optimism-ecosystem', 'bitcoin-ecosystem', 'real-world-assets-protocols', 'zksync-era-ecosystem', 'treasure-ecosystem', 'kadena-ecosystem', 'base-ecosystem', 'linea-ecosystem', 'sei-ecosystem', 'toncoin-ecosystem', 'paal-ecosystem', 'blast-ecosystem', 'atomicals-ecosystem', 'move-vm', 'eigenlayer-ecosystem', 'hyperliquid-ecosystem', 'gnosis-chain-ecosystem', 'ronin-ecosystem', 'rootstock-rsk-ecosystem', 'astar-ecosystem', 'wemix-ecosystem', 'core-ecosystem', 'starknet-ecosystem', 'mantle-ecosystem', 'opbnb-ecosystem', 'shibarium-ecosystem', 'scroll-ecosystem', 'merlin-ecosystem', 'b²-network-ecosystem', 'mode-ecosystem', 'taiko-ecosystem', 'metal-ecosystem', 'world-chain-mainnet-ecosystem', 'made-in-america', 'btcfi', 'world-liberty-financial-portfolio', 'corn-ecosystem', 'bonk-fun-ecosystem', 'sonic-ecosystem', 'binance-ecosystem', 'binance-listing', 'bittensor-ecosystem', 'hyperevm-ecosystem', 'etherlink-ecosystem', 'bera-chain-ecosystem', 'abstract-chain-ecosystem', 'unichain-ecosystem', 'soneium-ecosystem', 'fraxtal-ecosystem', 'monad-ecosystem', 'hashkey-chain-ecosystem', 'wlfi-ecosystem', 'plasma-ecosystem', 'x402-ecosystem', 'iso-20022', 'megaeth-ecosystem', 'sec-cftc-token-taxonomy', 'sec-cftc-digital-commodities', 'robinhood-ecosystem', 'arc-ecosystem']",13.478810181408477,319394647.83135295,313430064.8786617,5964582.95269127,13.8029,-0.79249277,-4.03001543,-6.02325548,1.90149217,61.50136996,74.53591936,10083497498.074306,0.3544,13478810181.41,,2026-10-07T11:07:00.000Z,1027.0,ethereum,Ethereum,ETH,0x514910771af9ca656af840dff83e8264ecf986ca,2026-10-07 14:07:46.960651
2010,Cardano,ADA,cardano,False,36797328639.34268,44994752909.29589,45000000000.0,2017-10-01T00:00:00.000Z,1743,14,2026-10-07T11:07:00.000Z,,,37997904336.0,9699155588.693989,11485136266.55,"['dpos', 'pos', 'platform', 'research', 'smart-contracts', 'staking', 'cardano-ecosystem', 'cardano', 'layer-1', 'alleged-sec-securities', '2017-2018-alt-season', 'made-in-america', 'us-strategic-crypto-reserve', 'binance-ecosystem', 'binance-listing', 'iso-20022', 'sec-cftc-token-taxonomy', 'sec-cftc-digital-commodities']",0.25525501361675906,849587254.020334,848049166.8415302,1538087.17880384,-7.7637,0.14739179,-7.97077244,3.15143694,16.51188975,27.74542033,51.86037384,9392702622.895775,0.3303,11486475612.75,,2026-10-07T11:07:00.000Z,,,,,,2026-10-07 14:07:46.960651
3957,UNUS SED LEO,LEO,unus-sed-leo,False,919857851.9,985239504.0,,2019-05-21T00:00:00.000Z,70,15,2026-10-07T11:07:00.000Z,,,,,8744863366.09,"['marketplace', 'centralized-exchange', 'discount-token', 'payments', 'ethereum-ecosystem', 'kenetic-capital-portfolio', 'alameda-research-portfolio']",8.875875693767238,144196.56623956,144025.39266047,171.17357909,-31.0474,0.00541164,-0.05266913,-1.65230561,-2.90149762,-8.50563884,-6.6858212,8164543949.400154,0.2871,8744863366.09,,2026-10-07T11:07:00.000Z,1027.0,ethereum,Ethereum,ETH,0x2af5d2ad76741191d15dfe7bf6ac92d4bd912ca3,2026-10-07 14:07:46.960651
1,Bitcoin,BTC,bitcoin,False,20094753.0,20094753.0,21000000.0,2010-07-13T00:00:00.000Z,12755,1,2026-10-07T11:07:00.000Z,,,,,1682356303184.34,"['mineable', 'pow', 'sha-256', 'store-of-value', 'state-channel', 'coinbase-ventures-portfolio', 'three-arrows-capital-portfolio', 'polychain-capital-portfolio', 'binance-labs-portfolio', 'blockchain-capital-portfolio', 'boostvc-portfolio', 'cms-holdings-portfolio', 'dcg-portfolio', 'dragonfly-capital-portfolio', 'electric-capital-portfolio', 'fabric-ventures-portfolio', 'framework-ventures-portfolio', 'galaxy-digital-portfolio', 'huobi-capital-portfolio', 'alameda-research-portfolio', 'a16z-portfolio', '1confirmation-portfolio', 'winklevoss-capital-portfolio', 'usv-portfolio', 'placeholder-ventures-portfolio', 'pantera-capital-portfolio', 'multicoin-capital-portfolio', 'paradigm-portfolio', 'bitcoin-ecosystem', 'layer-1', 'ftx-bankruptcy-estate', '2017-2018-alt-season', 'us-strategic-crypto-reserve', 'binance-ecosystem', 'binance-listing', 'sec-cftc-token-taxonomy', 'sec-cftc-digital-commodities']",83721.17354138888,35693599049.78114,35665066455.29593,28532594.48520984,37.5715,-0.0510122,-2.81915835,0.06717635,5.57235897,28.87332513,33.43554653,1682356303184.3447,59.1297,1758144644369.17,,2026-10-07T11:07:00.000Z,,,,,,2026-10-07 14:07:57.865831
1027,Ethereum,ETH,ethereum,True,122113300.64452891,122113300.64452891,,2015-08-07T00:00:00.000Z,13934,2,2026-10-07T11:06:00.000Z,,,,,314960457720.29,"['pos', 'smart-contracts', 'ethereum-ecosystem', 'coinbase-ventures-portfolio', 'three-arrows-capital-portfolio', 'polychain-capital-portfolio', 'binance-labs-portfolio', 'blockchain-capital-portfolio', 'boostvc-portfolio', 'cms-holdings-portfolio', 'dcg-portfolio', 'dragonfly-capital-portfolio', 'electric-capital-portfolio', 'fabric-ventures-portfolio', 'framework-ventures-portfolio', 'hashkey-capital-portfolio', 'kenetic-capital-portfolio', 'huobi-capital-portfolio', 'alameda-research-portfolio', 'a16z-portfolio', '1confirmation-portfolio', 'winklevoss-capital-portfolio', 'usv-portfolio', 'placeholder-ventures-portfolio', 'pantera-capital-portfolio', 'multicoin-capital-portfolio', 'paradigm-portfolio', 'ethereum-pow-ecosystem', 'layer-1', 'ftx-bankruptcy-estate', 'sora-ecosystem', 'rsk-rbtc-ecosystem', 'world-liberty-financial-portfolio', 'us-strategic-crypto-reserve', 'binance-ecosystem', 'binance-listing', 'abstract-chain-ecosystem', 'unichain-ecosystem', 'soneium-ecosystem', 'sophon-ecosystem', 'sec-cftc-token-taxonomy', 'sec-cftc-digital-commodities', 'anubis-ecosystem', 'robinhood-ecosystem']",2579.2477646406046,17579106170.41151,17374549474.614933,204556695.79657188,63.5122,-0.60803792,-4.9157978,-4.02669007,3.66688578,34.31949143,47.78683157,314960457720.2873,11.0726,314960457720.29,,2026-10-07T11:06:00.000Z,,,,,,2026-10-07 14:07:57.865831
825,Tether USDt,USDT,tether,True,184088295340.26407,189319541005.47983,,2015-02-25T00:00:00.000Z,203128,3,2026-10-07T11:06:00.000Z,,,,,189242817101.55,"['stablecoin', 'asset-backed-stablecoin', 'usd-stablecoin', 'ethereum-pow-ecosystem', 'fiat-stablecoin', 'tron20-ecosystem', 'rsk-rbtc-ecosystem', 'venom-ecosystem', 'world-liberty-financial-portfolio', 'binance-ecosystem', 'binance-listing', 'peaq-ecosystem', 'etherlink-ecosystem', 'duckchain-ecosystem', 'onus-ecosystem', 'sophon-ecosystem', 'xlayer-ecosystem']",0.9995947385910336,81592441216.36249,80237758969.1837,1354682247.1788688,29.8032,-0.02040534,-0.00999316,0.00110889,-0.02953734,0.02562992,0.05682255,184013691458.32025,6.4684,189242817101.55,,2026-10-07T11:06:00.000Z,1027.0,ethereum,Ethereum,ETH,0xdac17f958d2ee523a2206206994597c13d831ec7,2026-10-07 14:07:57.865831
1839,BNB,BNB,bnb,False,133158909.82,133158909.82,133158909.82,2017-07-25T00:00:00.000Z,3501,4,2026-10-07T11:07:00.000Z,,,,,102154288890.82,"['marketplace', 'centralized-exchange', 'payments', 'smart-contracts', 'alameda-research-portfolio', 'multicoin-capital-portfolio', 'bnb-chain-ecosystem', 'layer-1', 'alleged-sec-securities', 'celsius-bankruptcy-estate', 'binance-ecosystem', 'binance-listing', 'etherlink-ecosystem', 'made-in-china']",767.160748228637,1503205642.9440079,1479738906.2589834,23466736.68502456,16.8675,-0.26316829,-2.08348733,-0.17450321,3.18693566,28.96297544,34.67719569,102154288890.8208,3.5924,102154288890.82,,2026-10-07T11:07:00.000Z,,,,,,2026-10-07 14:07:57.865831
52,XRP,XRP,xrp,False,63092975951.0,99985612577.0,100000000000.0,2013-08-04T00:00:00.000Z,1886,5,2026-10-07T11:07:00.000Z,,,,,145073510528.17,"['medium-of-exchange', 'enterprise-solutions', 'xrp-ecosystem', 'solana-ecosystem', 'arrington-xrp-capital-portfolio', 'galaxy-digital-portfolio', 'a16z-portfolio', 'pantera-capital-portfolio', 'ftx-bankruptcy-estate', '2017-2018-alt-season', 'klaytn-ecosystem', 'made-in-america', 'us-strategic-crypto-reserve', 'binance-ecosystem', 'binance-listing', 'iso-20022', 'sec-cftc-token-taxonomy', 'sec-cftc-digital-commodities']",1.4509438587121313,2936198377.3473153,2934676861.7349176,1521515.61239683,57.9869,-0.19302887,-3.77600328,-3.8238979,3.68310058,39.73102684,32.9677164,91544365983.97565,3.2193,145094385871.21,,2026-10-07T11:07:00.000Z,,,,,,2026-10-07 14:07:57.865831
3408,USDC,USDC,usd-coin,False,74108272030.55826,74108272030.55826,,2018-10-08T00:00:00.000Z,46112,6,2026-10-07T11:06:00.000Z,,,60901219650.23,60889626462.472984,74094164741.46,"['medium-of-exchange', 'stablecoin', 'asset-backed-stablecoin', 'stellar-ecosystem', 'coinbase-ventures-portfolio', 'usd-stablecoin', 'xdc-ecosystem', 'ethereum-pow-ecosystem', 'fiat-stablecoin', 'tron20-ecosystem', 'venom-ecosystem', 'made-in-america', 'world-liberty-financial-portfolio', 'sonic-ecosystem', 'binance-ecosystem', 'binance-listing', 'hyperevm-ecosystem', 'etherlink-ecosystem', 'unichain-ecosystem', 'vector-smart-chain-ecosystem', 'sophon-ecosystem', 'monad-ecosystem', 'xlayer-ecosystem', 'arc-ecosystem']",0.9998096394813832,17495721215.896637,15512992872.918169,1982728342.9784374,17.6059,-0.00463087,-0.00366181,-0.01885622,-0.01389348,-0.01179238,0.00234942,74094164741.46072,2.6048,74094164741.46,,2026-10-07T11:06:00.000Z,24091.0,zksync,zkSync Era,ZK,0x1d17CBcF0D6D143135aE902365D2E5e2A16538D4,2026-10-07 14:07:57.865831
5426,Solana,SOL,solana,True,589094548.377361,635382447.2593929,,2020-04-10T00:00:00.000Z,1181,7,2026-10-07T11:07:00.000Z,,,525236893.3,61780952250.11997,74736815207.45,"['pos', 'platform', 'solana-ecosystem', 'cms-holdings-portfolio', 'kenetic-capital-portfolio', 'alameda-research-portfolio', 'multicoin-capital-portfolio', 'okx-ventures-portfolio', 'layer-1', 'ftx-bankruptcy-estate', 'alleged-sec-securities', 'cmc-crypto-awards-2024', 'made-in-america', 'us-strategic-crypto-reserve', 'binance-ecosystem', 'binance-listing', 'sec-cftc-token-taxonomy', 'sec-cftc-digital-commodities', 'coinlist-launchpad']",117.62492893817436,2780528852.5360346,2768927815.992116,11601036.54391841,23.797,-0.00705417,-2.2116197,-1.51185333,12.0184205,56.72064096,51.54496995,69292204390.753,2.4368,74736815207.45,,2026-10-07T11:07:00.000Z,,,,,,2026-10-07 14:07:57.865831
1958,TRON,TRX,tron,True,94985926926.2425,94985926339.8328,,2017-09-13T00:00:00.000Z,1382,8,2026-10-07T11:07:00.000Z,,,94667886298.43,31553758443.14055,31659764387.02,"['media', 'payments', 'tron-ecosystem', 'layer-1', 'dwf-labs-portfolio', 'alleged-sec-securities', '2017-2018-alt-season', 'tron20-ecosystem', 'world-liberty-financial-portfolio', 'binance-ecosystem', 'binance-listing', 'made-in-china']",0.33331005557334226,457270327.106534,457080573.43149364,189753.67504027,21.026,0.13440825,-0.63736604,-1.61732956,-1.01067191,1.32797955,0.63875386,31659764582.47131,1.1134,31659764387.02,,2026-10-07T11:07:00.000Z,,,,,,2026-10-07 14:07:57.865831
32196,Hyperliquid,HYPE,hyperliquid,False,250578063.28266397,951005739.562039,951005739.562039,2024-07-15T10:14:50.000Z,335,9,2026-10-07T11:07:00.000Z,,,333931719.0,29849121137.88946,85007454841.44,"['decentralized-exchange-dex-token', 'defi', 'derivatives', 'layer-1', 'hyperliquid-ecosystem', 'binance-ecosystem', 'binance-listing', 'perpetuals']",89.38689989461427,1009686823.554333,953769396.5863664,55917426.9679665,-6.6429,-0.18026374,-4.25451555,2.97397666,1.75455096,63.17094391,32.61934745,22398396258.433804,0.7872,85007454841.44,,2026-10-07T11:07:00.000Z,32196.0,hyperliquid,Hyperliquid,HYPE,0x0d01dc56dcaaca66ad901c959b4011ec,2026-10-07 14:07:57.865831
1437,Zcash,ZEC,zcash,False,16904998.1655448,16904998.1655448,21000000.0,2016-10-29T00:00:00.000Z,657,10,2026-10-07T11:07:00.000Z,,,,,21993838545.24,"['mineable', 'pow', 'equihash', 'medium-of-exchange', 'privacy', 'zero-knowledge-proofs', 'quantum-resistant', 'binance-chain', 'boostvc-portfolio', 'dcg-portfolio', 'electric-capital-portfolio', 'fenbushi-capital-portfolio', 'hashkey-capital-portfolio', 'winklevoss-capital-portfolio', 'placeholder-ventures-portfolio', 'pantera-capital-portfolio', 'layer-1', 'standard-crypto-portfolio', '2017-2018-alt-season', 'made-in-america', 'binance-ecosystem', 'binance-listing', 'privacy-coins']",1301.0257871584115,756439669.4913015,735028894.448544,21410775.04275751,-22.3085,-1.28087513,-4.65396134,-8.63968202,8.07722679,157.59936864,179.34234406,21993838545.239426,0.7731,27321541530.33,,2026-10-07T11:07:00.000Z,,,,,,2026-10-07 14:07:57.865831
74,Dogecoin,DOGE,dogecoin,True,171936233126.5791,171936233126.5791,,2013-12-15T00:00:00.000Z,1528,11,2026-10-07T11:07:00.000Z,,,,,15367453149.82,"['mineable', 'pow', 'scrypt', 'medium-of-exchange', 'memes', 'payments', 'solana-ecosystem', 'doggone-doggerel', 'doge-chain-ecosystem', 'osmosis-ecosystem', 'ftx-bankruptcy-estate', 'animal-memes', 'made-in-america', 'binance-ecosystem', 'binance-listing', 'sec-cftc-token-taxonomy', 'sec-cftc-digital-commodities']",0.08937879393057328,1459892008.5909526,1454948191.1808197,4943817.4101326,129.3017,-0.10161497,-6.37458421,-6.00846698,-0.17452563,26.97846646,23.63068123,15367453149.81952,0.5401,15367453149.82,,2026-10-07T11:07:00.000Z,,,,,,2026-10-07 14:07:57.865831
328,Monero,XMR,monero,True,18814450.81548909,18814450.81548909,,2014-05-21T00:00:00.000Z,378,12,2026-10-07T11:07:00.000Z,,,,,10438707539.96,"['mineable', 'pow', 'medium-of-exchange', 'privacy', 'ringct', 'boostvc-portfolio', 'electric-capital-portfolio', 'galaxy-digital-portfolio', 'layer-1', '2017-2018-alt-season', 'binance-ecosystem', 'binance-listing', 'privacy-coins']",554.8239298786885,127689950.9589719,127689950.9589719,0.0,-0.4648,-0.35973709,0.09459571,2.63125789,4.51680563,47.77384199,73.51714638,10438707539.958952,0.3669,10438707539.96,,2026-10-07T11:07:00.000Z,,,,,,2026-10-07 14:07:57.865831
1975,Chainlink,LINK,chainlink,False,748099970.424884,1000000000.0,1000000000.0,2017-09-20T00:00:00.000Z,2302,13,2026-10-07T11:07:00.000Z,,,,,13478810181.41,"['platform', 'cosmos-ecosystem', 'defi', 'privacy', 'interoperability', 'iot', 'oracles', 'smart-contracts', 'ethereum-ecosystem', 'tron-ecosystem', 'polkadot', 'polkadot-ecosystem', 'heco-ecosystem', 'avalanche-ecosystem', 'solana-ecosystem', 'framework-ventures-portfolio', 'hedera-hashgraph-ecosystem', 'polygon-ecosystem', 'fantom-ecosystem', 'cardano-ecosystem', 'terra-ecosystem', 'web3', 'near-protocol-ecosystem', 'arbitrum-ecosystem', 'celo-ecosystem', 'defi-2', 'cross-chain', 'moonriver-ecosystem', 'cronos-ecosystem', 'cardano', 'injective-ecosystem', 'bnb-chain-ecosystem', 'oasis-ecosystem', 'moonbeam-ecosystem', 'xdc-ecosystem', 'metisdao-ecosystem', 'velas-ecosystem', 'doge-chain-ecosystem', 'aptos-ecosystem', 'sui-ecosystem', 'optimism-ecosystem', 'bitcoin-ecosystem', 'real-world-assets-protocols', 'zksync-era-ecosystem', 'treasure-ecosystem', 'kadena-ecosystem', 'base-ecosystem', 'linea-ecosystem', 'sei-ecosystem', 'toncoin-ecosystem', 'paal-ecosystem', 'blast-ecosystem', 'atomicals-ecosystem', 'move-vm', 'eigenlayer-ecosystem', 'hyperliquid-ecosystem', 'gnosis-chain-ecosystem', 'ronin-ecosystem', 'rootstock-rsk-ecosystem', 'astar-ecosystem', 'wemix-ecosystem', 'core-ecosystem', 'starknet-ecosystem', 'mantle-ecosystem', 'opbnb-ecosystem', 'shibarium-ecosystem', 'scroll-ecosystem', 'merlin-ecosystem', 'b²-network-ecosystem', 'mode-ecosystem', 'taiko-ecosystem', 'metal-ecosystem', 'world-chain-mainnet-ecosystem', 'made-in-america', 'btcfi', 'world-liberty-financial-portfolio', 'corn-ecosystem', 'bonk-fun-ecosystem', 'sonic-ecosystem', 'binance-ecosystem', 'binance-listing', 'bittensor-ecosystem', 'hyperevm-ecosystem', 'etherlink-ecosystem', 'bera-chain-ecosystem', 'abstract-chain-ecosystem', 'unichain-ecosystem', 'soneium-ecosystem', 'fraxtal-ecosystem', 'monad-ecosystem', 'hashkey-chain-ecosystem', 'wlfi-ecosystem', 'plasma-ecosystem', 'x402-ecosystem', 'iso-20022', 'megaeth-ecosystem', 'sec-cftc-token-taxonomy', 'sec-cftc-digital-commodities', 'robinhood-ecosystem', 'arc-ecosystem']",13.478810181408477,319394647.83135295,313430064.8786617,5964582.95269127,13.8029,-0.79249277,-4.03001543,-6.02325548,1.90149217,61.50136996,74.53591936,10083497498.074306,0.3544,13478810181.41,,2026-10-07T11:07:00.000Z,1027.0,ethereum,Ethereum,ETH,0x514910771af9ca656af840dff83e8264ecf986ca,2026-10-07 14:07:57.865831
2010,Cardano,ADA,cardano,False,36797328639.34268,44994752909.29589,45000000000.0,2017-10-01T00:00:00.000Z,1743,14,2026-10-07T11:07:00.000Z,,,37997904336.0,9699155588.693989,11485136266.55,"['dpos', 'pos', 'platform', 'research', 'smart-contracts', 'staking', 'cardano-ecosystem', 'cardano', 'layer-1', 'alleged-sec-securities', '2017-2018-alt-season', 'made-in-america', 'us-strategic-crypto-reserve', 'binance-ecosystem', 'binance-listing', 'iso-20022', 'sec-cftc-token-taxonomy', 'sec-cftc-digital-commodities']",0.25525501361675906,849587254.020334,848049166.8415302,1538087.17880384,-7.7637,0.14739179,-7.97077244,3.15143694,16.51188975,27.74542033,51.86037384,9392702622.895775,0.3303,11486475612.75,,2026-10-07T11:07:00.000Z,,,,,,2026-10-07 14:07:57.865831
3957,UNUS SED LEO,LEO,unus-sed-leo,False,919857851.9,985239504.0,,2019-05-21T00:00:00.000Z,70,15,2026-10-07T11:07:00.000Z,,,,,8744863366.09,"['marketplace', 'centralized-exchange', 'discount-token', 'payments', 'ethereum-ecosystem', 'kenetic-capital-portfolio', 'alameda-research-portfolio']",8.875875693767238,144196.56623956,144025.39266047,171.17357909,-31.0474,0.00541164,-0.05266913,-1.65230561,-2.90149762,-8.50563884,-6.6858212,8164543949.400154,0.2871,8744863366.09,,2026-10-07T11:07:00.000Z,1027.0,ethereum,Ethereum,ETH,0x2af5d2ad76741191d15dfe7bf6ac92d4bd912ca3,2026-10-07 14:07:57.865831
1,Bitcoin,BTC,bitcoin,False,20094753.0,20094753.0,21000000.0,2010-07-13T00:00:00.000Z,12755,1,2026-10-07T11:07:00.000Z,,,,,1682356303184.34,"['mineable', 'pow', 'sha-256', 'store-of-value', 'state-channel', 'coinbase-ventures-portfolio', 'three-arrows-capital-portfolio', 'polychain-capital-portfolio', 'binance-labs-portfolio', 'blockchain-capital-portfolio', 'boostvc-portfolio', 'cms-holdings-portfolio', 'dcg-portfolio', 'dragonfly-capital-portfolio', 'electric-capital-portfolio', 'fabric-ventures-portfolio', 'framework-ventures-portfolio', 'galaxy-digital-portfolio', 'huobi-capital-portfolio', 'alameda-research-portfolio', 'a16z-portfolio', '1confirmation-portfolio', 'winklevoss-capital-portfolio', 'usv-portfolio', 'placeholder-ventures-portfolio', 'pantera-capital-portfolio', 'multicoin-capital-portfolio', 'paradigm-portfolio', 'bitcoin-ecosystem', 'layer-1', 'ftx-bankruptcy-estate', '2017-2018-alt-season', 'us-strategic-crypto-reserve', 'binance-ecosystem', 'binance-listing', 'sec-cftc-token-taxonomy', 'sec-cftc-digital-commodities']",83721.17354138888,35693599049.78114,35665066455.29593,28532594.48520984,37.5715,-0.0510122,-2.81915835,0.06717635,5.57235897,28.87332513,33.43554653,1682356303184.3447,59.1297,1758144644369.17,,2026-10-07T11:07:00.000Z,,,,,,2026-10-07 14:08:00.698696
1027,Ethereum,ETH,ethereum,True,122113300.64452891,122113300.64452891,,2015-08-07T00:00:00.000Z,13934,2,2026-10-07T11:06:00.000Z,,,,,314960457720.29,"['pos', 'smart-contracts', 'ethereum-ecosystem', 'coinbase-ventures-portfolio', 'three-arrows-capital-portfolio', 'polychain-capital-portfolio', 'binance-labs-portfolio', 'blockchain-capital-portfolio', 'boostvc-portfolio', 'cms-holdings-portfolio', 'dcg-portfolio', 'dragonfly-capital-portfolio', 'electric-capital-portfolio', 'fabric-ventures-portfolio', 'framework-ventures-portfolio', 'hashkey-capital-portfolio', 'kenetic-capital-portfolio', 'huobi-capital-portfolio', 'alameda-research-portfolio', 'a16z-portfolio', '1confirmation-portfolio', 'winklevoss-capital-portfolio', 'usv-portfolio', 'placeholder-ventures-portfolio', 'pantera-capital-portfolio', 'multicoin-capital-portfolio', 'paradigm-portfolio', 'ethereum-pow-ecosystem', 'layer-1', 'ftx-bankruptcy-estate', 'sora-ecosystem', 'rsk-rbtc-ecosystem', 'world-liberty-financial-portfolio', 'us-strategic-crypto-reserve', 'binance-ecosystem', 'binance-listing', 'abstract-chain-ecosystem', 'unichain-ecosystem', 'soneium-ecosystem', 'sophon-ecosystem', 'sec-cftc-token-taxonomy', 'sec-cftc-digital-commodities', 'anubis-ecosystem', 'robinhood-ecosystem']",2579.2477646406046,17579106170.41151,17374549474.614933,204556695.79657188,63.5122,-0.60803792,-4.9157978,-4.02669007,3.66688578,34.31949143,47.78683157,314960457720.2873,11.0726,314960457720.29,,2026-10-07T11:06:00.000Z,,,,,,2026-10-07 14:08:00.698696
825,Tether USDt,USDT,tether,True,184088295340.26407,189319541005.47983,,2015-02-25T00:00:00.000Z,203128,3,2026-10-07T11:06:00.000Z,,,,,189242817101.55,"['stablecoin', 'asset-backed-stablecoin', 'usd-stablecoin', 'ethereum-pow-ecosystem', 'fiat-stablecoin', 'tron20-ecosystem', 'rsk-rbtc-ecosystem', 'venom-ecosystem', 'world-liberty-financial-portfolio', 'binance-ecosystem', 'binance-listing', 'peaq-ecosystem', 'etherlink-ecosystem', 'duckchain-ecosystem', 'onus-ecosystem', 'sophon-ecosystem', 'xlayer-ecosystem']",0.9995947385910336,81592441216.36249,80237758969.1837,1354682247.1788688,29.8032,-0.02040534,-0.00999316,0.00110889,-0.02953734,0.02562992,0.05682255,184013691458.32025,6.4684,189242817101.55,,2026-10-07T11:06:00.000Z,1027.0,ethereum,Ethereum,ETH,0xdac17f958d2ee523a2206206994597c13d831ec7,2026-10-07 14:08:00.698696
1839,BNB,BNB,bnb,False,133158909.82,133158909.82,133158909.82,2017-07-25T00:00:00.000Z,3501,4,2026-10-07T11:07:00.000Z,,,,,102154288890.82,"['marketplace', 'centralized-exchange', 'payments', 'smart-contracts', 'alameda-research-portfolio', 'multicoin-capital-portfolio', 'bnb-chain-ecosystem', 'layer-1', 'alleged-sec-securities', 'celsius-bankruptcy-estate', 'binance-ecosystem', 'binance-listing', 'etherlink-ecosystem', 'made-in-china']",767.160748228637,1503205642.9440079,1479738906.2589834,23466736.68502456,16.8675,-0.26316829,-2.08348733,-0.17450321,3.18693566,28.96297544,34.67719569,102154288890.8208,3.5924,102154288890.82,,2026-10-07T11:07:00.000Z,,,,,,2026-10-07 14:08:00.698696
52,XRP,XRP,xrp,False,63092975951.0,99985612577.0,100000000000.0,2013-08-04T00:00:00.000Z,1886,5,2026-10-07T11:07:00.000Z,,,,,145073510528.17,"['medium-of-exchange', 'enterprise-solutions', 'xrp-ecosystem', 'solana-ecosystem', 'arrington-xrp-capital-portfolio', 'galaxy-digital-portfolio', 'a16z-portfolio', 'pantera-capital-portfolio', 'ftx-bankruptcy-estate', '2017-2018-alt-season', 'klaytn-ecosystem', 'made-in-america', 'us-strategic-crypto-reserve', 'binance-ecosystem', 'binance-listing', 'iso-20022', 'sec-cftc-token-taxonomy', 'sec-cftc-digital-commodities']",1.4509438587121313,2936198377.3473153,2934676861.7349176,1521515.61239683,57.9869,-0.19302887,-3.77600328,-3.8238979,3.68310058,39.73102684,32.9677164,91544365983.97565,3.2193,145094385871.21,,2026-10-07T11:07:00.000Z,,,,,,2026-10-07 14:08:00.698696
3408,USDC,USDC,usd-coin,False,74108272030.55826,74108272030.55826,,2018-10-08T00:00:00.000Z,46112,6,2026-10-07T11:06:00.000Z,,,60901219650.23,60889626462.472984,74094164741.46,"['medium-of-exchange', 'stablecoin', 'asset-backed-stablecoin', 'stellar-ecosystem', 'coinbase-ventures-portfolio', 'usd-stablecoin', 'xdc-ecosystem', 'ethereum-pow-ecosystem', 'fiat-stablecoin', 'tron20-ecosystem', 'venom-ecosystem', 'made-in-america', 'world-liberty-financial-portfolio', 'sonic-ecosystem', 'binance-ecosystem', 'binance-listing', 'hyperevm-ecosystem', 'etherlink-ecosystem', 'unichain-ecosystem', 'vector-smart-chain-ecosystem', 'sophon-ecosystem', 'monad-ecosystem', 'xlayer-ecosystem', 'arc-ecosystem']",0.9998096394813832,17495721215.896637,15512992872.918169,1982728342.9784374,17.6059,-0.00463087,-0.00366181,-0.01885622,-0.01389348,-0.01179238,0.00234942,74094164741.46072,2.6048,74094164741.46,,2026-10-07T11:06:00.000Z,24091.0,zksync,zkSync Era,ZK,0x1d17CBcF0D6D143135aE902365D2E5e2A16538D4,2026-10-07 14:08:00.698696
5426,Solana,SOL,solana,True,589094548.377361,635382447.2593929,,2020-04-10T00:00:00.000Z,1181,7,2026-10-07T11:07:00.000Z,,,525236893.3,61780952250.11997,74736815207.45,"['pos', 'platform', 'solana-ecosystem', 'cms-holdings-portfolio', 'kenetic-capital-portfolio', 'alameda-research-portfolio', 'multicoin-capital-portfolio', 'okx-ventures-portfolio', 'layer-1', 'ftx-bankruptcy-estate', 'alleged-sec-securities', 'cmc-crypto-awards-2024', 'made-in-america', 'us-strategic-crypto-reserve', 'binance-ecosystem', 'binance-listing', 'sec-cftc-token-taxonomy', 'sec-cftc-digital-commodities', 'coinlist-launchpad']",117.62492893817436,2780528852.5360346,2768927815.992116,11601036.54391841,23.797,-0.00705417,-2.2116197,-1.51185333,12.0184205,56.72064096,51.54496995,69292204390.753,2.4368,74736815207.45,,2026-10-07T11:07:00.000Z,,,,,,2026-10-07 14:08:00.698696
1958,TRON,TRX,tron,True,94985926926.2425,94985926339.8328,,2017-09-13T00:00:00.000Z,1382,8,2026-10-07T11:07:00.000Z,,,94667886298.43,31553758443.14055,31659764387.02,"['media', 'payments', 'tron-ecosystem', 'layer-1', 'dwf-labs-portfolio', 'alleged-sec-securities', '2017-2018-alt-season', 'tron20-ecosystem', 'world-liberty-financial-portfolio', 'binance-ecosystem', 'binance-listing', 'made-in-china']",0.33331005557334226,457270327.106534,457080573.43149364,189753.67504027,21.026,0.13440825,-0.63736604,-1.61732956,-1.01067191,1.32797955,0.63875386,31659764582.47131,1.1134,31659764387.02,,2026-10-07T11:07:00.000Z,,,,,,2026-10-07 14:08:00.698696
32196,Hyperliquid,HYPE,hyperliquid,False,250578063.28266397,951005739.562039,951005739.562039,2024-07-15T10:14:50.000Z,335,9,2026-10-07T11:07:00.000Z,,,333931719.0,29849121137.88946,85007454841.44,"['decentralized-exchange-dex-token', 'defi', 'derivatives', 'layer-1', 'hyperliquid-ecosystem', 'binance-ecosystem', 'binance-listing', 'perpetuals']",89.38689989461427,1009686823.554333,953769396.5863664,55917426.9679665,-6.6429,-0.18026374,-4.25451555,2.97397666,1.75455096,63.17094391,32.61934745,22398396258.433804,0.7872,85007454841.44,,2026-10-07T11:07:00.000Z,32196.0,hyperliquid,Hyperliquid,HYPE,0x0d01dc56dcaaca66ad901c959b4011ec,2026-10-07 14:08:00.698696
1437,Zcash,ZEC,zcash,False,16904998.1655448,16904998.1655448,21000000.0,2016-10-29T00:00:00.000Z,657,10,2026-10-07T11:07:00.000Z,,,,,21993838545.24,"['mineable', 'pow', 'equihash', 'medium-of-exchange', 'privacy', 'zero-knowledge-proofs', 'quantum-resistant', 'binance-chain', 'boostvc-portfolio', 'dcg-portfolio', 'electric-capital-portfolio', 'fenbushi-capital-portfolio', 'hashkey-capital-portfolio', 'winklevoss-capital-portfolio', 'placeholder-ventures-portfolio', 'pantera-capital-portfolio', 'layer-1', 'standard-crypto-portfolio', '2017-2018-alt-season', 'made-in-america', 'binance-ecosystem', 'binance-listing', 'privacy-coins']",1301.0257871584115,756439669.4913015,735028894.448544,21410775.04275751,-22.3085,-1.28087513,-4.65396134,-8.63968202,8.07722679,157.59936864,179.34234406,21993838545.239426,0.7731,27321541530.33,,2026-10-07T11:07:00.000Z,,,,,,2026-10-07 14:08:00.698696
74,Dogecoin,DOGE,dogecoin,True,171936233126.5791,171936233126.5791,,2013-12-15T00:00:00.000Z,1528,11,2026-10-07T11:07:00.000Z,,,,,15367453149.82,"['mineable', 'pow', 'scrypt', 'medium-of-exchange', 'memes', 'payments', 'solana-ecosystem', 'doggone-doggerel', 'doge-chain-ecosystem', 'osmosis-ecosystem', 'ftx-bankruptcy-estate', 'animal-memes', 'made-in-america', 'binance-ecosystem', 'binance-listing', 'sec-cftc-token-taxonomy', 'sec-cftc-digital-commodities']",0.08937879393057328,1459892008.5909526,1454948191.1808197,4943817.4101326,129.3017,-0.10161497,-6.37458421,-6.00846698,-0.17452563,26.97846646,23.63068123,15367453149.81952,0.5401,15367453149.82,,2026-10-07T11:07:00.000Z,,,,,,2026-10-07 14:08:00.698696
328,Monero,XMR,monero,True,18814450.81548909,18814450.81548909,,2014-05-21T00:00:00.000Z,378,12,2026-10-07T11:07:00.000Z,,,,,10438707539.96,"['mineable', 'pow', 'medium-of-exchange', 'privacy', 'ringct', 'boostvc-portfolio', 'electric-capital-portfolio', 'galaxy-digital-portfolio', 'layer-1', '2017-2018-alt-season', 'binance-ecosystem', 'binance-listing', 'privacy-coins']",554.8239298786885,127689950.9589719,127689950.9589719,0.0,-0.4648,-0.35973709,0.09459571,2.63125789,4.51680563,47.77384199,73.51714638,10438707539.958952,0.3669,10438707539.96,,2026-10-07T11:07:00.000Z,,,,,,2026-10-07 14:08:00.698696
1975,Chainlink,LINK,chainlink,False,748099970.424884,1000000000.0,1000000000.0,2017-09-20T00:00:00.000Z,2302,13,2026-10-07T11:07:00.000Z,,,,,13478810181.41,"['platform', 'cosmos-ecosystem', 'defi', 'privacy', 'interoperability', 'iot', 'oracles', 'smart-contracts', 'ethereum-ecosystem', 'tron-ecosystem', 'polkadot', 'polkadot-ecosystem', 'heco-ecosystem', 'avalanche-ecosystem', 'solana-ecosystem', 'framework-ventures-portfolio', 'hedera-hashgraph-ecosystem', 'polygon-ecosystem', 'fantom-ecosystem', 'cardano-ecosystem', 'terra-ecosystem', 'web3', 'near-protocol-ecosystem', 'arbitrum-ecosystem', 'celo-ecosystem', 'defi-2', 'cross-chain', 'moonriver-ecosystem', 'cronos-ecosystem', 'cardano', 'injective-ecosystem', 'bnb-chain-ecosystem', 'oasis-ecosystem', 'moonbeam-ecosystem', 'xdc-ecosystem', 'metisdao-ecosystem', 'velas-ecosystem', 'doge-chain-ecosystem', 'aptos-ecosystem', 'sui-ecosystem', 'optimism-ecosystem', 'bitcoin-ecosystem', 'real-world-assets-protocols', 'zksync-era-ecosystem', 'treasure-ecosystem', 'kadena-ecosystem', 'base-ecosystem', 'linea-ecosystem', 'sei-ecosystem', 'toncoin-ecosystem', 'paal-ecosystem', 'blast-ecosystem', 'atomicals-ecosystem', 'move-vm', 'eigenlayer-ecosystem', 'hyperliquid-ecosystem', 'gnosis-chain-ecosystem', 'ronin-ecosystem', 'rootstock-rsk-ecosystem', 'astar-ecosystem', 'wemix-ecosystem', 'core-ecosystem', 'starknet-ecosystem', 'mantle-ecosystem', 'opbnb-ecosystem', 'shibarium-ecosystem', 'scroll-ecosystem', 'merlin-ecosystem', 'b²-network-ecosystem', 'mode-ecosystem', 'taiko-ecosystem', 'metal-ecosystem', 'world-chain-mainnet-ecosystem', 'made-in-america', 'btcfi', 'world-liberty-financial-portfolio', 'corn-ecosystem', 'bonk-fun-ecosystem', 'sonic-ecosystem', 'binance-ecosystem', 'binance-listing', 'bittensor-ecosystem', 'hyperevm-ecosystem', 'etherlink-ecosystem', 'bera-chain-ecosystem', 'abstract-chain-ecosystem', 'unichain-ecosystem', 'soneium-ecosystem', 'fraxtal-ecosystem', 'monad-ecosystem', 'hashkey-chain-ecosystem', 'wlfi-ecosystem', 'plasma-ecosystem', 'x402-ecosystem', 'iso-20022', 'megaeth-ecosystem', 'sec-cftc-token-taxonomy', 'sec-cftc-digital-commodities', 'robinhood-ecosystem', 'arc-ecosystem']",13.478810181408477,319394647.83135295,313430064.8786617,5964582.95269127,13.8029,-0.79249277,-4.03001543,-6.02325548,1.90149217,61.50136996,74.53591936,10083497498.074306,0.3544,13478810181.41,,2026-10-07T11:07:00.000Z,1027.0,ethereum,Ethereum,ETH,0x514910771af9ca656af840dff83e8264ecf986ca,2026-10-07 14:08:00.698696
2010,Cardano,ADA,cardano,False,36797328639.34268,44994752909.29589,45000000000.0,2017-10-01T00:00:00.000Z,1743,14,2026-10-07T11:07:00.000Z,,,37997904336.0,9699155588.693989,11485136266.55,"['dpos', 'pos', 'platform', 'research', 'smart-contracts', 'staking', 'cardano-ecosystem', 'cardano', 'layer-1', 'alleged-sec-securities', '2017-2018-alt-season', 'made-in-america', 'us-strategic-crypto-reserve', 'binance-ecosystem', 'binance-listing', 'iso-20022', 'sec-cftc-token-taxonomy', 'sec-cftc-digital-commodities']",0.25525501361675906,849587254.020334,848049166.8415302,1538087.17880384,-7.7637,0.14739179,-7.97077244,3.15143694,16.51188975,27.74542033,51.86037384,9392702622.895775,0.3303,11486475612.75,,2026-10-07T11:07:00.000Z,,,,,,2026-10-07 14:08:00.698696
3957,UNUS SED LEO,LEO,unus-sed-leo,False,919857851.9,985239504.0,,2019-05-21T00:00:00.000Z,70,15,2026-10-07T11:07:00.000Z,,,,,8744863366.09,"['marketplace', 'centralized-exchange', 'discount-token', 'payments', 'ethereum-ecosystem', 'kenetic-capital-portfolio', 'alameda-research-portfolio']",8.875875693767238,144196.56623956,144025.39266047,171.17357909,-31.0474,0.00541164,-0.05266913,-1.65230561,-2.90149762,-8.50563884,-6.6858212,8164543949.400154,0.2871,8744863366.09,,2026-10-07T11:07:00.000Z,1027.0,ethereum,Ethereum,ETH,0x2af5d2ad76741191d15dfe7bf6ac92d4bd912ca3,2026-10-07 14:08:00.698696
1,Bitcoin,BTC,bitcoin,False,20094753.0,20094753.0,21000000.0,2010-07-13T00:00:00.000Z,12755,1,2026-10-07T11:07:00.000Z,,,,,1682356303184.34,"['mineable', 'pow', 'sha-256', 'store-of-value', 'state-channel', 'coinbase-ventures-portfolio', 'three-arrows-capital-portfolio', 'polychain-capital-portfolio', 'binance-labs-portfolio', 'blockchain-capital-portfolio', 'boostvc-portfolio', 'cms-holdings-portfolio', 'dcg-portfolio', 'dragonfly-capital-portfolio', 'electric-capital-portfolio', 'fabric-ventures-portfolio', 'framework-ventures-portfolio', 'galaxy-digital-portfolio', 'huobi-capital-portfolio', 'alameda-research-portfolio', 'a16z-portfolio', '1confirmation-portfolio', 'winklevoss-capital-portfolio', 'usv-portfolio', 'placeholder-ventures-portfolio', 'pantera-capital-portfolio', 'multicoin-capital-portfolio', 'paradigm-portfolio', 'bitcoin-ecosystem', 'layer-1', 'ftx-bankruptcy-estate', '2017-2018-alt-season', 'us-strategic-crypto-reserve', 'binance-ecosystem', 'binance-listing', 'sec-cftc-token-taxonomy', 'sec-cftc-digital-commodities']",83721.17354138888,35693599049.78114,35665066455.29593,28532594.48520984,37.5715,-0.0510122,-2.81915835,0.06717635,5.57235897,28.87332513,33.43554653,1682356303184.3447,59.1297,1758144644369.17,,2026-10-07T11:07:00.000Z,,,,,,2026-10-07 14:08:04.165343
1027,Ethereum,ETH,ethereum,True,122113300.64452891,122113300.64452891,,2015-08-07T00:00:00.000Z,13934,2,2026-10-07T11:06:00.000Z,,,,,314960457720.29,"['pos', 'smart-contracts', 'ethereum-ecosystem', 'coinbase-ventures-portfolio', 'three-arrows-capital-portfolio', 'polychain-capital-portfolio', 'binance-labs-portfolio', 'blockchain-capital-portfolio', 'boostvc-portfolio', 'cms-holdings-portfolio', 'dcg-portfolio', 'dragonfly-capital-portfolio', 'electric-capital-portfolio', 'fabric-ventures-portfolio', 'framework-ventures-portfolio', 'hashkey-capital-portfolio', 'kenetic-capital-portfolio', 'huobi-capital-portfolio', 'alameda-research-portfolio', 'a16z-portfolio', '1confirmation-portfolio', 'winklevoss-capital-portfolio', 'usv-portfolio', 'placeholder-ventures-portfolio', 'pantera-capital-portfolio', 'multicoin-capital-portfolio', 'paradigm-portfolio', 'ethereum-pow-ecosystem', 'layer-1', 'ftx-bankruptcy-estate', 'sora-ecosystem', 'rsk-rbtc-ecosystem', 'world-liberty-financial-portfolio', 'us-strategic-crypto-reserve', 'binance-ecosystem', 'binance-listing', 'abstract-chain-ecosystem', 'unichain-ecosystem', 'soneium-ecosystem', 'sophon-ecosystem', 'sec-cftc-token-taxonomy', 'sec-cftc-digital-commodities', 'anubis-ecosystem', 'robinhood-ecosystem']",2579.2477646406046,17579106170.41151,17374549474.614933,204556695.79657188,63.5122,-0.60803792,-4.9157978,-4.02669007,3.66688578,34.31949143,47.78683157,314960457720.2873,11.0726,314960457720.29,,2026-10-07T11:06:00.000Z,,,,,,2026-10-07 14:08:04.165343
825,Tether USDt,USDT,tether,True,184088295340.26407,189319541005.47983,,2015-02-25T00:00:00.000Z,203128,3,2026-10-07T11:06:00.000Z,,,,,189242817101.55,"['stablecoin', 'asset-backed-stablecoin', 'usd-stablecoin', 'ethereum-pow-ecosystem', 'fiat-stablecoin', 'tron20-ecosystem', 'rsk-rbtc-ecosystem', 'venom-ecosystem', 'world-liberty-financial-portfolio', 'binance-ecosystem', 'binance-listing', 'peaq-ecosystem', 'etherlink-ecosystem', 'duckchain-ecosystem', 'onus-ecosystem', 'sophon-ecosystem', 'xlayer-ecosystem']",0.9995947385910336,81592441216.36249,80237758969.1837,1354682247.1788688,29.8032,-0.02040534,-0.00999316,0.00110889,-0.02953734,0.02562992,0.05682255,184013691458.32025,6.4684,189242817101.55,,2026-10-07T11:06:00.000Z,1027.0,ethereum,Ethereum,ETH,0xdac17f958d2ee523a2206206994597c13d831ec7,2026-10-07 14:08:04.165343
1839,BNB,BNB,bnb,False,133158909.82,133158909.82,133158909.82,2017-07-25T00:00:00.000Z,3501,4,2026-10-07T11:07:00.000Z,,,,,102154288890.82,"['marketplace', 'centralized-exchange', 'payments', 'smart-contracts', 'alameda-research-portfolio', 'multicoin-capital-portfolio', 'bnb-chain-ecosystem', 'layer-1', 'alleged-sec-securities', 'celsius-bankruptcy-estate', 'binance-ecosystem', 'binance-listing', 'etherlink-ecosystem', 'made-in-china']",767.160748228637,1503205642.9440079,1479738906.2589834,23466736.68502456,16.8675,-0.26316829,-2.08348733,-0.17450321,3.18693566,28.96297544,34.67719569,102154288890.8208,3.5924,102154288890.82,,2026-10-07T11:07:00.000Z,,,,,,2026-10-07 14:08:04.165343
52,XRP,XRP,xrp,False,63092975951.0,99985612577.0,100000000000.0,2013-08-04T00:00:00.000Z,1886,5,2026-10-07T11:07:00.000Z,,,,,145073510528.17,"['medium-of-exchange', 'enterprise-solutions', 'xrp-ecosystem', 'solana-ecosystem', 'arrington-xrp-capital-portfolio', 'galaxy-digital-portfolio', 'a16z-portfolio', 'pantera-capital-portfolio', 'ftx-bankruptcy-estate', '2017-2018-alt-season', 'klaytn-ecosystem', 'made-in-america', 'us-strategic-crypto-reserve', 'binance-ecosystem', 'binance-listing', 'iso-20022', 'sec-cftc-token-taxonomy', 'sec-cftc-digital-commodities']",1.4509438587121313,2936198377.3473153,2934676861.7349176,1521515.61239683,57.9869,-0.19302887,-3.77600328,-3.8238979,3.68310058,39.73102684,32.9677164,91544365983.97565,3.2193,145094385871.21,,2026-10-07T11:07:00.000Z,,,,,,2026-10-07 14:08:04.165343
3408,USDC,USDC,usd-coin,False,74108272030.55826,74108272030.55826,,2018-10-08T00:00:00.000Z,46112,6,2026-10-07T11:06:00.000Z,,,60901219650.23,60889626462.472984,74094164741.46,"['medium-of-exchange', 'stablecoin', 'asset-backed-stablecoin', 'stellar-ecosystem', 'coinbase-ventures-portfolio', 'usd-stablecoin', 'xdc-ecosystem', 'ethereum-pow-ecosystem', 'fiat-stablecoin', 'tron20-ecosystem', 'venom-ecosystem', 'made-in-america', 'world-liberty-financial-portfolio', 'sonic-ecosystem', 'binance-ecosystem', 'binance-listing', 'hyperevm-ecosystem', 'etherlink-ecosystem', 'unichain-ecosystem', 'vector-smart-chain-ecosystem', 'sophon-ecosystem', 'monad-ecosystem', 'xlayer-ecosystem', 'arc-ecosystem']",0.9998096394813832,17495721215.896637,15512992872.918169,1982728342.9784374,17.6059,-0.00463087,-0.00366181,-0.01885622,-0.01389348,-0.01179238,0.00234942,74094164741.46072,2.6048,74094164741.46,,2026-10-07T11:06:00.000Z,24091.0,zksync,zkSync Era,ZK,0x1d17CBcF0D6D143135aE902365D2E5e2A16538D4,2026-10-07 14:08:04.165343
5426,Solana,SOL,solana,True,589094548.377361,635382447.2593929,,2020-04-10T00:00:00.000Z,1181,7,2026-10-07T11:07:00.000Z,,,525236893.3,61780952250.11997,74736815207.45,"['pos', 'platform', 'solana-ecosystem', 'cms-holdings-portfolio', 'kenetic-capital-portfolio', 'alameda-research-portfolio', 'multicoin-capital-portfolio', 'okx-ventures-portfolio', 'layer-1', 'ftx-bankruptcy-estate', 'alleged-sec-securities', 'cmc-crypto-awards-2024', 'made-in-america', 'us-strategic-crypto-reserve', 'binance-ecosystem', 'binance-listing', 'sec-cftc-token-taxonomy', 'sec-cftc-digital-commodities', 'coinlist-launchpad']",117.62492893817436,2780528852.5360346,2768927815.992116,11601036.54391841,23.797,-0.00705417,-2.2116197,-1.51185333,12.0184205,56.72064096,51.54496995,69292204390.753,2.4368,74736815207.45,,2026-10-07T11:07:00.000Z,,,,,,2026-10-07 14:08:04.165343
1958,TRON,TRX,tron,True,94985926926.2425,94985926339.8328,,2017-09-13T00:00:00.000Z,1382,8,2026-10-07T11:07:00.000Z,,,94667886298.43,31553758443.14055,31659764387.02,"['media', 'payments', 'tron-ecosystem', 'layer-1', 'dwf-labs-portfolio', 'alleged-sec-securities', '2017-2018-alt-season', 'tron20-ecosystem', 'world-liberty-financial-portfolio', 'binance-ecosystem', 'binance-listing', 'made-in-china']",0.33331005557334226,457270327.106534,457080573.43149364,189753.67504027,21.026,0.13440825,-0.63736604,-1.61732956,-1.01067191,1.32797955,0.63875386,31659764582.47131,1.1134,31659764387.02,,2026-10-07T11:07:00.000Z,,,,,,2026-10-07 14:08:04.165343
32196,Hyperliquid,HYPE,hyperliquid,False,250578063.28266397,951005739.562039,951005739.562039,2024-07-15T10:14:50.000Z,335,9,2026-10-07T11:07:00.000Z,,,333931719.0,29849121137.88946,85007454841.44,"['decentralized-exchange-dex-token', 'defi', 'derivatives', 'layer-1', 'hyperliquid-ecosystem', 'binance-ecosystem', 'binance-listing', 'perpetuals']",89.38689989461427,1009686823.554333,953769396.5863664,55917426.9679665,-6.6429,-0.18026374,-4.25451555,2.97397666,1.75455096,63.17094391,32.61934745,22398396258.433804,0.7872,85007454841.44,,2026-10-07T11:07:00.000Z,32196.0,hyperliquid,Hyperliquid,HYPE,0x0d01dc56dcaaca66ad901c959b4011ec,2026-10-07 14:08:04.165343
1437,Zcash,ZEC,zcash,False,16904998.1655448,16904998.1655448,21000000.0,2016-10-29T00:00:00.000Z,657,10,2026-10-07T11:07:00.000Z,,,,,21993838545.24,"['mineable', 'pow', 'equihash', 'medium-of-exchange', 'privacy', 'zero-knowledge-proofs', 'quantum-resistant', 'binance-chain', 'boostvc-portfolio', 'dcg-portfolio', 'electric-capital-portfolio', 'fenbushi-capital-portfolio', 'hashkey-capital-portfolio', 'winklevoss-capital-portfolio', 'placeholder-ventures-portfolio', 'pantera-capital-portfolio', 'layer-1', 'standard-crypto-portfolio', '2017-2018-alt-season', 'made-in-america', 'binance-ecosystem', 'binance-listing', 'privacy-coins']",1301.0257871584115,756439669.4913015,735028894.448544,21410775.04275751,-22.3085,-1.28087513,-4.65396134,-8.63968202,8.07722679,157.59936864,179.34234406,21993838545.239426,0.7731,27321541530.33,,2026-10-07T11:07:00.000Z,,,,,,2026-10-07 14:08:04.165343
74,Dogecoin,DOGE,dogecoin,True,171936233126.5791,171936233126.5791,,2013-12-15T00:00:00.000Z,1528,11,2026-10-07T11:07:00.000Z,,,,,15367453149.82,"['mineable', 'pow', 'scrypt', 'medium-of-exchange', 'memes', 'payments', 'solana-ecosystem', 'doggone-doggerel', 'doge-chain-ecosystem', 'osmosis-ecosystem', 'ftx-bankruptcy-estate', 'animal-memes', 'made-in-america', 'binance-ecosystem', 'binance-listing', 'sec-cftc-token-taxonomy', 'sec-cftc-digital-commodities']",0.08937879393057328,1459892008.5909526,1454948191.1808197,4943817.4101326,129.3017,-0.10161497,-6.37458421,-6.00846698,-0.17452563,26.97846646,23.63068123,15367453149.81952,0.5401,15367453149.82,,2026-10-07T11:07:00.000Z,,,,,,2026-10-07 14:08:04.165343
328,Monero,XMR,monero,True,18814450.81548909,18814450.81548909,,2014-05-21T00:00:00.000Z,378,12,2026-10-07T11:07:00.000Z,,,,,10438707539.96,"['mineable', 'pow', 'medium-of-exchange', 'privacy', 'ringct', 'boostvc-portfolio', 'electric-capital-portfolio', 'galaxy-digital-portfolio', 'layer-1', '2017-2018-alt-season', 'binance-ecosystem', 'binance-listing', 'privacy-coins']",554.8239298786885,127689950.9589719,127689950.9589719,0.0,-0.4648,-0.35973709,0.09459571,2.63125789,4.51680563,47.77384199,73.51714638,10438707539.958952,0.3669,10438707539.96,,2026-10-07T11:07:00.000Z,,,,,,2026-10-07 14:08:04.165343
1975,Chainlink,LINK,chainlink,False,748099970.424884,1000000000.0,1000000000.0,2017-09-20T00:00:00.000Z,2302,13,2026-10-07T11:07:00.000Z,,,,,13478810181.41,"['platform', 'cosmos-ecosystem', 'defi', 'privacy', 'interoperability', 'iot', 'oracles', 'smart-contracts', 'ethereum-ecosystem', 'tron-ecosystem', 'polkadot', 'polkadot-ecosystem', 'heco-ecosystem', 'avalanche-ecosystem', 'solana-ecosystem', 'framework-ventures-portfolio', 'hedera-hashgraph-ecosystem', 'polygon-ecosystem', 'fantom-ecosystem', 'cardano-ecosystem', 'terra-ecosystem', 'web3', 'near-protocol-ecosystem', 'arbitrum-ecosystem', 'celo-ecosystem', 'defi-2', 'cross-chain', 'moonriver-ecosystem', 'cronos-ecosystem', 'cardano', 'injective-ecosystem', 'bnb-chain-ecosystem', 'oasis-ecosystem', 'moonbeam-ecosystem', 'xdc-ecosystem', 'metisdao-ecosystem', 'velas-ecosystem', 'doge-chain-ecosystem', 'aptos-ecosystem', 'sui-ecosystem', 'optimism-ecosystem', 'bitcoin-ecosystem', 'real-world-assets-protocols', 'zksync-era-ecosystem', 'treasure-ecosystem', 'kadena-ecosystem', 'base-ecosystem', 'linea-ecosystem', 'sei-ecosystem', 'toncoin-ecosystem', 'paal-ecosystem', 'blast-ecosystem', 'atomicals-ecosystem', 'move-vm', 'eigenlayer-ecosystem', 'hyperliquid-ecosystem', 'gnosis-chain-ecosystem', 'ronin-ecosystem', 'rootstock-rsk-ecosystem', 'astar-ecosystem', 'wemix-ecosystem', 'core-ecosystem', 'starknet-ecosystem', 'mantle-ecosystem', 'opbnb-ecosystem', 'shibarium-ecosystem', 'scroll-ecosystem', 'merlin-ecosystem', 'b²-network-ecosystem', 'mode-ecosystem', 'taiko-ecosystem', 'metal-ecosystem', 'world-chain-mainnet-ecosystem', 'made-in-america', 'btcfi', 'world-liberty-financial-portfolio', 'corn-ecosystem', 'bonk-fun-ecosystem', 'sonic-ecosystem', 'binance-ecosystem', 'binance-listing', 'bittensor-ecosystem', 'hyperevm-ecosystem', 'etherlink-ecosystem', 'bera-chain-ecosystem', 'abstract-chain-ecosystem', 'unichain-ecosystem', 'soneium-ecosystem', 'fraxtal-ecosystem', 'monad-ecosystem', 'hashkey-chain-ecosystem', 'wlfi-ecosystem', 'plasma-ecosystem', 'x402-ecosystem', 'iso-20022', 'megaeth-ecosystem', 'sec-cftc-token-taxonomy', 'sec-cftc-digital-commodities', 'robinhood-ecosystem', 'arc-ecosystem']",13.478810181408477,319394647.83135295,313430064.8786617,5964582.95269127,13.8029,-0.79249277,-4.03001543,-6.02325548,1.90149217,61.50136996,74.53591936,10083497498.074306,0.3544,13478810181.41,,2026-10-07T11:07:00.000Z,1027.0,ethereum,Ethereum,ETH,0x514910771af9ca656af840dff83e8264ecf986ca,2026-10-07 14:08:04.165343
2010,Cardano,ADA,cardano,False,36797328639.34268,44994752909.29589,45000000000.0,2017-10-01T00:00:00.000Z,1743,14,2026-10-07T11:07:00.000Z,,,37997904336.0,9699155588.693989,11485136266.55,"['dpos', 'pos', 'platform', 'research', 'smart-contracts', 'staking', 'cardano-ecosystem', 'cardano', 'layer-1', 'alleged-sec-securities', '2017-2018-alt-season', 'made-in-america', 'us-strategic-crypto-reserve', 'binance-ecosystem', 'binance-listing', 'iso-20022', 'sec-cftc-token-taxonomy', 'sec-cftc-digital-commodities']",0.25525501361675906,849587254.020334,848049166.8415302,1538087.17880384,-7.7637,0.14739179,-7.97077244,3.15143694,16.51188975,27.74542033,51.86037384,9392702622.895775,0.3303,11486475612.75,,2026-10-07T11:07:00.000Z,,,,,,2026-10-07 14:08:04.165343
3957,UNUS SED LEO,LEO,unus-sed-leo,False,919857851.9,985239504.0,,2019-05-21T00:00:00.000Z,70,15,2026-10-07T11:07:00.000Z,,,,,8744863366.09,"['marketplace', 'centralized-exchange', 'discount-token', 'payments', 'ethereum-ecosystem', 'kenetic-capital-portfolio', 'alameda-research-portfolio']",8.875875693767238,144196.56623956,144025.39266047,171.17357909,-31.0474,0.00541164,-0.05266913,-1.65230561,-2.90149762,-8.50563884,-6.6858212,8164543949.400154,0.2871,8744863366.09,,2026-10-07T11:07:00.000Z,1027.0,ethereum,Ethereum,ETH,0x2af5d2ad76741191d15dfe7bf6ac92d4bd912ca3,2026-10-07 14:08:04.165343
1,Bitcoin,BTC,bitcoin,False,20094753.0,20094753.0,21000000.0,2010-07-13T00:00:00.000Z,12755,1,2026-10-07T11:07:00.000Z,,,,,1682356303184.34,"['mineable', 'pow', 'sha-256', 'store-of-value', 'state-channel', 'coinbase-ventures-portfolio', 'three-arrows-capital-portfolio', 'polychain-capital-portfolio', 'binance-labs-portfolio', 'blockchain-capital-portfolio', 'boostvc-portfolio', 'cms-holdings-portfolio', 'dcg-portfolio', 'dragonfly-capital-portfolio', 'electric-capital-portfolio', 'fabric-ventures-portfolio', 'framework-ventures-portfolio', 'galaxy-digital-portfolio', 'huobi-capital-portfolio', 'alameda-research-portfolio', 'a16z-portfolio', '1confirmation-portfolio', 'winklevoss-capital-portfolio', 'usv-portfolio', 'placeholder-ventures-portfolio', 'pantera-capital-portfolio', 'multicoin-capital-portfolio', 'paradigm-portfolio', 'bitcoin-ecosystem', 'layer-1', 'ftx-bankruptcy-estate', '2017-2018-alt-season', 'us-strategic-crypto-reserve', 'binance-ecosystem', 'binance-listing', 'sec-cftc-token-taxonomy', 'sec-cftc-digital-commodities']",83721.17354138888,35693599049.78114,35665066455.29593,28532594.48520984,37.5715,-0.0510122,-2.81915835,0.06717635,5.57235897,28.87332513,33.43554653,1682356303184.3447,59.1297,1758144644369.17,,2026-10-07T11:07:00.000Z,,,,,,2026-10-07 14:08:15.850404
1027,Ethereum,ETH,ethereum,True,122113300.64452891,122113300.64452891,,2015-08-07T00:00:00.000Z,13934,2,2026-10-07T11:06:00.000Z,,,,,314960457720.29,"['pos', 'smart-contracts', 'ethereum-ecosystem', 'coinbase-ventures-portfolio', 'three-arrows-capital-portfolio', 'polychain-capital-portfolio', 'binance-labs-portfolio', 'blockchain-capital-portfolio', 'boostvc-portfolio', 'cms-holdings-portfolio', 'dcg-portfolio', 'dragonfly-capital-portfolio', 'electric-capital-portfolio', 'fabric-ventures-portfolio', 'framework-ventures-portfolio', 'hashkey-capital-portfolio', 'kenetic-capital-portfolio', 'huobi-capital-portfolio', 'alameda-research-portfolio', 'a16z-portfolio', '1confirmation-portfolio', 'winklevoss-capital-portfolio', 'usv-portfolio', 'placeholder-ventures-portfolio', 'pantera-capital-portfolio', 'multicoin-capital-portfolio', 'paradigm-portfolio', 'ethereum-pow-ecosystem', 'layer-1', 'ftx-bankruptcy-estate', 'sora-ecosystem', 'rsk-rbtc-ecosystem', 'world-liberty-financial-portfolio', 'us-strategic-crypto-reserve', 'binance-ecosystem', 'binance-listing', 'abstract-chain-ecosystem', 'unichain-ecosystem', 'soneium-ecosystem', 'sophon-ecosystem', 'sec-cftc-token-taxonomy', 'sec-cftc-digital-commodities', 'anubis-ecosystem', 'robinhood-ecosystem']",2579.2477646406046,17579106170.41151,17374549474.614933,204556695.79657188,63.5122,-0.60803792,-4.9157978,-4.02669007,3.66688578,34.31949143,47.78683157,314960457720.2873,11.0726,314960457720.29,,2026-10-07T11:06:00.000Z,,,,,,2026-10-07 14:08:15.850404
825,Tether USDt,USDT,tether,True,184088295340.26407,189319541005.47983,,2015-02-25T00:00:00.000Z,203128,3,2026-10-07T11:06:00.000Z,,,,,189242817101.55,"['stablecoin', 'asset-backed-stablecoin', 'usd-stablecoin', 'ethereum-pow-ecosystem', 'fiat-stablecoin', 'tron20-ecosystem', 'rsk-rbtc-ecosystem', 'venom-ecosystem', 'world-liberty-financial-portfolio', 'binance-ecosystem', 'binance-listing', 'peaq-ecosystem', 'etherlink-ecosystem', 'duckchain-ecosystem', 'onus-ecosystem', 'sophon-ecosystem', 'xlayer-ecosystem']",0.9995947385910336,81592441216.36249,80237758969.1837,1354682247.1788688,29.8032,-0.02040534,-0.00999316,0.00110889,-0.02953734,0.02562992,0.05682255,184013691458.32025,6.4684,189242817101.55,,2026-10-07T11:06:00.000Z,1027.0,ethereum,Ethereum,ETH,0xdac17f958d2ee523a2206206994597c13d831ec7,2026-10-07 14:08:15.850404
1839,BNB,BNB,bnb,False,133158909.82,133158909.82,133158909.82,2017-07-25T00:00:00.000Z,3501,4,2026-10-07T11:07:00.000Z,,,,,102154288890.82,"['marketplace', 'centralized-exchange', 'payments', 'smart-contracts', 'alameda-research-portfolio', 'multicoin-capital-portfolio', 'bnb-chain-ecosystem', 'layer-1', 'alleged-sec-securities', 'celsius-bankruptcy-estate', 'binance-ecosystem', 'binance-listing', 'etherlink-ecosystem', 'made-in-china']",767.160748228637,1503205642.9440079,1479738906.2589834,23466736.68502456,16.8675,-0.26316829,-2.08348733,-0.17450321,3.18693566,28.96297544,34.67719569,102154288890.8208,3.5924,102154288890.82,,2026-10-07T11:07:00.000Z,,,,,,2026-10-07 14:08:15.850404
52,XRP,XRP,xrp,False,63092975951.0,99985612577.0,100000000000.0,2013-08-04T00:00:00.000Z,1886,5,2026-10-07T11:07:00.000Z,,,,,145073510528.17,"['medium-of-exchange', 'enterprise-solutions', 'xrp-ecosystem', 'solana-ecosystem', 'arrington-xrp-capital-portfolio', 'galaxy-digital-portfolio', 'a16z-portfolio', 'pantera-capital-portfolio', 'ftx-bankruptcy-estate', '2017-2018-alt-season', 'klaytn-ecosystem', 'made-in-america', 'us-strategic-crypto-reserve', 'binance-ecosystem', 'binance-listing', 'iso-20022', 'sec-cftc-token-taxonomy', 'sec-cftc-digital-commodities']",1.4509438587121313,2936198377.3473153,2934676861.7349176,1521515.61239683,57.9869,-0.19302887,-3.77600328,-3.8238979,3.68310058,39.73102684,32.9677164,91544365983.97565,3.2193,145094385871.21,,2026-10-07T11:07:00.000Z,,,,,,2026-10-07 14:08:15.850404
3408,USDC,USDC,usd-coin,False,74108272030.55826,74108272030.55826,,2018-10-08T00:00:00.000Z,46112,6,2026-10-07T11:06:00.000Z,,,60901219650.23,60889626462.472984,74094164741.46,"['medium-of-exchange', 'stablecoin', 'asset-backed-stablecoin', 'stellar-ecosystem', 'coinbase-ventures-portfolio', 'usd-stablecoin', 'xdc-ecosystem', 'ethereum-pow-ecosystem', 'fiat-stablecoin', 'tron20-ecosystem', 'venom-ecosystem', 'made-in-america', 'world-liberty-financial-portfolio', 'sonic-ecosystem', 'binance-ecosystem', 'binance-listing', 'hyperevm-ecosystem', 'etherlink-ecosystem', 'unichain-ecosystem', 'vector-smart-chain-ecosystem', 'sophon-ecosystem', 'monad-ecosystem', 'xlayer-ecosystem', 'arc-ecosystem']",0.9998096394813832,17495721215.896637,15512992872.918169,1982728342.9784374,17.6059,-0.00463087,-0.00366181,-0.01885622,-0.01389348,-0.01179238,0.00234942,74094164741.46072,2.6048,74094164741.46,,2026-10-07T11:06:00.000Z,24091.0,zksync,zkSync Era,ZK,0x1d17CBcF0D6D143135aE902365D2E5e2A16538D4,2026-10-07 14:08:15.850404
5426,Solana,SOL,solana,True,589094548.377361,635382447.2593929,,2020-04-10T00:00:00.000Z,1181,7,2026-10-07T11:07:00.000Z,,,525236893.3,61780952250.11997,74736815207.45,"['pos', 'platform', 'solana-ecosystem', 'cms-holdings-portfolio', 'kenetic-capital-portfolio', 'alameda-research-portfolio', 'multicoin-capital-portfolio', 'okx-ventures-portfolio', 'layer-1', 'ftx-bankruptcy-estate', 'alleged-sec-securities', 'cmc-crypto-awards-2024', 'made-in-america', 'us-strategic-crypto-reserve', 'binance-ecosystem', 'binance-listing', 'sec-cftc-token-taxonomy', 'sec-cftc-digital-commodities', 'coinlist-launchpad']",117.62492893817436,2780528852.5360346,2768927815.992116,11601036.54391841,23.797,-0.00705417,-2.2116197,-1.51185333,12.0184205,56.72064096,51.54496995,69292204390.753,2.4368,74736815207.45,,2026-10-07T11:07:00.000Z,,,,,,2026-10-07 14:08:15.850404
1958,TRON,TRX,tron,True,94985926926.2425,94985926339.8328,,2017-09-13T00:00:00.000Z,1382,8,2026-10-07T11:07:00.000Z,,,94667886298.43,31553758443.14055,31659764387.02,"['media', 'payments', 'tron-ecosystem', 'layer-1', 'dwf-labs-portfolio', 'alleged-sec-securities', '2017-2018-alt-season', 'tron20-ecosystem', 'world-liberty-financial-portfolio', 'binance-ecosystem', 'binance-listing', 'made-in-china']",0.33331005557334226,457270327.106534,457080573.43149364,189753.67504027,21.026,0.13440825,-0.63736604,-1.61732956,-1.01067191,1.32797955,0.63875386,31659764582.47131,1.1134,31659764387.02,,2026-10-07T11:07:00.000Z,,,,,,2026-10-07 14:08:15.850404
32196,Hyperliquid,HYPE,hyperliquid,False,250578063.28266397,951005739.562039,951005739.562039,2024-07-15T10:14:50.000Z,335,9,2026-10-07T11:07:00.000Z,,,333931719.0,29849121137.88946,85007454841.44,"['decentralized-exchange-dex-token', 'defi', 'derivatives', 'layer-1', 'hyperliquid-ecosystem', 'binance-ecosystem', 'binance-listing', 'perpetuals']",89.38689989461427,1009686823.554333,953769396.5863664,55917426.9679665,-6.6429,-0.18026374,-4.25451555,2.97397666,1.75455096,63.17094391,32.61934745,22398396258.433804,0.7872,85007454841.44,,2026-10-07T11:07:00.000Z,32196.0,hyperliquid,Hyperliquid,HYPE,0x0d01dc56dcaaca66ad901c959b4011ec,2026-10-07 14:08:15.850404
1437,Zcash,ZEC,zcash,False,16904998.1655448,16904998.1655448,21000000.0,2016-10-29T00:00:00.000Z,657,10,2026-10-07T11:07:00.000Z,,,,,21993838545.24,"['mineable', 'pow', 'equihash', 'medium-of-exchange', 'privacy', 'zero-knowledge-proofs', 'quantum-resistant', 'binance-chain', 'boostvc-portfolio', 'dcg-portfolio', 'electric-capital-portfolio', 'fenbushi-capital-portfolio', 'hashkey-capital-portfolio', 'winklevoss-capital-portfolio', 'placeholder-ventures-portfolio', 'pantera-capital-portfolio', 'layer-1', 'standard-crypto-portfolio', '2017-2018-alt-season', 'made-in-america', 'binance-ecosystem', 'binance-listing', 'privacy-coins']",1301.0257871584115,756439669.4913015,735028894.448544,21410775.04275751,-22.3085,-1.28087513,-4.65396134,-8.63968202,8.07722679,157.59936864,179.34234406,21993838545.239426,0.7731,27321541530.33,,2026-10-07T11:07:00.000Z,,,,,,2026-10-07 14:08:15.850404
74,Dogecoin,DOGE,dogecoin,True,171936233126.5791,171936233126.5791,,2013-12-15T00:00:00.000Z,1528,11,2026-10-07T11:07:00.000Z,,,,,15367453149.82,"['mineable', 'pow', 'scrypt', 'medium-of-exchange', 'memes', 'payments', 'solana-ecosystem', 'doggone-doggerel', 'doge-chain-ecosystem', 'osmosis-ecosystem', 'ftx-bankruptcy-estate', 'animal-memes', 'made-in-america', 'binance-ecosystem', 'binance-listing', 'sec-cftc-token-taxonomy', 'sec-cftc-digital-commodities']",0.08937879393057328,1459892008.5909526,1454948191.1808197,4943817.4101326,129.3017,-0.10161497,-6.37458421,-6.00846698,-0.17452563,26.97846646,23.63068123,15367453149.81952,0.5401,15367453149.82,,2026-10-07T11:07:00.000Z,,,,,,2026-10-07 14:08:15.850404
328,Monero,XMR,monero,True,18814450.81548909,18814450.81548909,,2014-05-21T00:00:00.000Z,378,12,2026-10-07T11:07:00.000Z,,,,,10438707539.96,"['mineable', 'pow', 'medium-of-exchange', 'privacy', 'ringct', 'boostvc-portfolio', 'electric-capital-portfolio', 'galaxy-digital-portfolio', 'layer-1', '2017-2018-alt-season', 'binance-ecosystem', 'binance-listing', 'privacy-coins']",554.8239298786885,127689950.9589719,127689950.9589719,0.0,-0.4648,-0.35973709,0.09459571,2.63125789,4.51680563,47.77384199,73.51714638,10438707539.958952,0.3669,10438707539.96,,2026-10-07T11:07:00.000Z,,,,,,2026-10-07 14:08:15.850404
1975,Chainlink,LINK,chainlink,False,748099970.424884,1000000000.0,1000000000.0,2017-09-20T00:00:00.000Z,2302,13,2026-10-07T11:07:00.000Z,,,,,13478810181.41,"['platform', 'cosmos-ecosystem', 'defi', 'privacy', 'interoperability', 'iot', 'oracles', 'smart-contracts', 'ethereum-ecosystem', 'tron-ecosystem', 'polkadot', 'polkadot-ecosystem', 'heco-ecosystem', 'avalanche-ecosystem', 'solana-ecosystem', 'framework-ventures-portfolio', 'hedera-hashgraph-ecosystem', 'polygon-ecosystem', 'fantom-ecosystem', 'cardano-ecosystem', 'terra-ecosystem', 'web3', 'near-protocol-ecosystem', 'arbitrum-ecosystem', 'celo-ecosystem', 'defi-2', 'cross-chain', 'moonriver-ecosystem', 'cronos-ecosystem', 'cardano', 'injective-ecosystem', 'bnb-chain-ecosystem', 'oasis-ecosystem', 'moonbeam-ecosystem', 'xdc-ecosystem', 'metisdao-ecosystem', 'velas-ecosystem', 'doge-chain-ecosystem', 'aptos-ecosystem', 'sui-ecosystem', 'optimism-ecosystem', 'bitcoin-ecosystem', 'real-world-assets-protocols', 'zksync-era-ecosystem', 'treasure-ecosystem', 'kadena-ecosystem', 'base-ecosystem', 'linea-ecosystem', 'sei-ecosystem', 'toncoin-ecosystem', 'paal-ecosystem', 'blast-ecosystem', 'atomicals-ecosystem', 'move-vm', 'eigenlayer-ecosystem', 'hyperliquid-ecosystem', 'gnosis-chain-ecosystem', 'ronin-ecosystem', 'rootstock-rsk-ecosystem', 'astar-ecosystem', 'wemix-ecosystem', 'core-ecosystem', 'starknet-ecosystem', 'mantle-ecosystem', 'opbnb-ecosystem', 'shibarium-ecosystem', 'scroll-ecosystem', 'merlin-ecosystem', 'b²-network-ecosystem', 'mode-ecosystem', 'taiko-ecosystem', 'metal-ecosystem', 'world-chain-mainnet-ecosystem', 'made-in-america', 'btcfi', 'world-liberty-financial-portfolio', 'corn-ecosystem', 'bonk-fun-ecosystem', 'sonic-ecosystem', 'binance-ecosystem', 'binance-listing', 'bittensor-ecosystem', 'hyperevm-ecosystem', 'etherlink-ecosystem', 'bera-chain-ecosystem', 'abstract-chain-ecosystem', 'unichain-ecosystem', 'soneium-ecosystem', 'fraxtal-ecosystem', 'monad-ecosystem', 'hashkey-chain-ecosystem', 'wlfi-ecosystem', 'plasma-ecosystem', 'x402-ecosystem', 'iso-20022', 'megaeth-ecosystem', 'sec-cftc-token-taxonomy', 'sec-cftc-digital-commodities', 'robinhood-ecosystem', 'arc-ecosystem']",13.478810181408477,319394647.83135295,313430064.8786617,5964582.95269127,13.8029,-0.79249277,-4.03001543,-6.02325548,1.90149217,61.50136996,74.53591936,10083497498.074306,0.3544,13478810181.41,,2026-10-07T11:07:00.000Z,1027.0,ethereum,Ethereum,ETH,0x514910771af9ca656af840dff83e8264ecf986ca,2026-10-07 14:08:15.850404
2010,Cardano,ADA,cardano,False,36797328639.34268,44994752909.29589,45000000000.0,2017-10-01T00:00:00.000Z,1743,14,2026-10-07T11:07:00.000Z,,,37997904336.0,9699155588.693989,11485136266.55,"['dpos', 'pos', 'platform', 'research', 'smart-contracts', 'staking', 'cardano-ecosystem', 'cardano', 'layer-1', 'alleged-sec-securities', '2017-2018-alt-season', 'made-in-america', 'us-strategic-crypto-reserve', 'binance-ecosystem', 'binance-listing', 'iso-20022', 'sec-cftc-token-taxonomy', 'sec-cftc-digital-commodities']",0.25525501361675906,849587254.020334,848049166.8415302,1538087.17880384,-7.7637,0.14739179,-7.97077244,3.15143694,16.51188975,27.74542033,51.86037384,9392702622.895775,0.3303,11486475612.75,,2026-10-07T11:07:00.000Z,,,,,,2026-10-07 14:08:15.850404
3957,UNUS SED LEO,LEO,unus-sed-leo,False,919857851.9,985239504.0,,2019-05-21T00:00:00.000Z,70,15,2026-10-07T11:07:00.000Z,,,,,8744863366.09,"['marketplace', 'centralized-exchange', 'discount-token', 'payments', 'ethereum-ecosystem', 'kenetic-capital-portfolio', 'alameda-research-portfolio']",8.875875693767238,144196.56623956,144025.39266047,171.17357909,-31.0474,0.00541164,-0.05266913,-1.65230561,-2.90149762,-8.50563884,-6.6858212,8164543949.400154,0.2871,8744863366.09,,2026-10-07T11:07:00.000Z,1027.0,ethereum,Ethereum,ETH,0x2af5d2ad76741191d15dfe7bf6ac92d4bd912ca3,2026-10-07 14:08:15.850404
